# 第13章、组合查询

标签： MySQL是怎样使用的新版

* * *

我们前边说的都是单条查询语句，其实多条查询语句产生的结果集查也可以被合并成一个大的结果集，这种将多条查询语句产生的结果集合并起来的查询方式称为`合并查询`，或者`组合查询`。

## 涉及单表的组合查询

比方说我们有下边两个查询语句：

    mysql> SELECT m1 FROM t1 WHERE m1 < 2;
    +------+
    | m1   |
    +------+
    |    1 |
    +------+
    1 row in set (0.00 sec)
    
    mysql> SELECT m1 FROM t1 WHERE m1 > 2;
    +------+
    | m1   |
    +------+
    |    3 |
    +------+
    1 row in set (0.00 sec)
    
    mysql>
    

如果我们想把上边两个查询语句的结果集合并到一个大的结果集中，最简单的方式当然是使用`OR`操作符把两个查询语句中的搜索条件连起来，就像这样：

    mysql> SELECT m1 FROM t1 WHERE m1 < 2 OR m1 > 2;
    +------+
    | m1   |
    +------+
    |    1 |
    |    3 |
    +------+
    2 rows in set (0.00 sec)
    
    mysql>
    

除了这种方式，我们还可以使用`UNION`来将两个查询语句连在一起，就像这样：

    mysql> SELECT m1 FROM t1 WHERE m1 < 2 UNION SELECT m1 FROM t1 WHERE m1 > 2;
    +------+
    | m1   |
    +------+
    |    1 |
    |    3 |
    +------+
    2 rows in set (0.01 sec)
    
    mysql>
    

多个查询语句也直接用`UNION`来连起来：

    mysql> SELECT m1 FROM t1 WHERE m1 < 2 UNION SELECT m1 FROM t1 WHERE m1 > 2 UNION SELECT m1 FROM t1 WHERE m1 = 2;
    +------+
    | m1   |
    +------+
    |    1 |
    |    3 |
    |    2 |
    +------+
    3 rows in set (0.00 sec)
    
    mysql>
    

当然，并不是说使用`UNION`连接起来的各个查询语句的查询列表处只能有一个表达式，有多个表达式也是可以的，只要数量相同就可以了，比如下边这个使用`UNION`连接起来的各个查询语句的查询列表处都有2个表达式：

    mysql> SELECT m1, n1 FROM t1 WHERE m1 < 2 UNION SELECT m1, n1 FROM t1 WHERE m1 > 2;
    +------+------+
    | m1   | n1   |
    +------+------+
    |    1 | a    |
    |    3 | c    |
    +------+------+
    2 rows in set (0.00 sec)
    
    mysql>
    

不过这里需要注意一点，设计`MySQL`的大叔建议：使用UNION连接起来的各个查询语句的查询列表中位置相同的表达式的类型应该是相同的。当然这不是硬性要求，如果不匹配的话，`MySQL`将会自动的进行类型转换，比方说下边这个组合查询语句：

    mysql> SELECT m1, n1 FROM t1 WHERE m1 < 2 UNION SELECT n1, m1 FROM t1 WHERE m1 > 2;
    +------+------+
    | m1   | n1   |
    +------+------+
    | 1    | a    |
    | c    | 3    |
    +------+------+
    2 rows in set (0.01 sec)
    
    mysql>
    

使用`UNION`连接起来的两个查询中，第一个语句的查询列表是`m1, n1`，第二个查询语句的查询列表是`n1, m1`，我们应该注意两点：

* 第一个查询的查询列表处的`m1`和第二个查询的查询列表的`n1`对应，第一个查询的查询列表处的`n1`和第二个查询的查询列表的`m1`对应，`m1`和`n1`虽然类型不同，但`MySQL`会帮助我们自动进行必要的类型转换。

* 这几个查询语句的结果集都可以被合并到一个大的结果集中，但是这个大的结果集总是要有展示一下列名的吧，所以就规定组合查询的结果集中显示的列名将以第一个查询中的列名为准，上边的例子就采用了第一个查询中的`m1, n1`作为结果集的列名。

## 涉及不同表的组合查询

当然，如果只在同一个表中进行组合查询，貌似体现不出组合查询的强大，很多情况下组合查询还是用在涉及不同表的查询语句中的，比方说下边这两个查询：

    mysql> SELECT m1, n1 FROM t1 WHERE m1 < 2;
    +------+------+
    | m1   | n1   |
    +------+------+
    |    1 | a    |
    +------+------+
    1 row in set (0.00 sec)
    
    mysql> SELECT m2, n2 FROM t2 WHERE m2 > 2;
    +------+------+
    | m2   | n2   |
    +------+------+
    |    3 | c    |
    |    4 | d    |
    +------+------+
    2 rows in set (0.00 sec)
    
    mysql>
    

第一个查询是从`t1`表中查询`m1, n1`这两个列的数据，第二个查询是从`t2`表中查询`m2, n2`这两个列的数据。我们可以使用`UNION`直接将这两个查询语句拼接到一起：

    mysql> SELECT m1, n1 FROM t1 WHERE m1 < 2 UNION SELECT m2, n2 FROM t2 WHERE m2 > 2;
    +------+------+
    | m1   | n1   |
    +------+------+
    |    1 | a    |
    |    3 | c    |
    |    4 | d    |
    +------+------+
    3 rows in set (0.01 sec)
    
    mysql>
    

## 包含或去除重复的行

我们看下边这两个查询：

    mysql> SELECT m1, n1 FROM t1;
    +------+------+
    | m1   | n1   |
    +------+------+
    |    1 | a    |
    |    2 | b    |
    |    3 | c    |
    +------+------+
    3 rows in set (0.00 sec)
    
    mysql> SELECT m2, n2 FROM t2;
    +------+------+
    | m2   | n2   |
    +------+------+
    |    2 | b    |
    |    3 | c    |
    |    4 | d    |
    +------+------+
    3 rows in set (0.00 sec)
    
    mysql>
    

很显然，`t1`表里有3条记录，`t2`表里有3条记录，我们使用`UNION`把它们合并起来看一下：

    mysql> SELECT m1, n1 FROM t1 UNION SELECT m2, n2 FROM t2;
    +------+------+
    | m1   | n1   |
    +------+------+
    |    1 | a    |
    |    2 | b    |
    |    3 | c    |
    |    4 | d    |
    +------+------+
    4 rows in set (0.00 sec)
    
    mysql>
    

为什么合并后的结果只剩下了4条记录呢？因为使用`UNION`来合并多个查询的记录会默认过滤掉重复的记录。由于`t1`表和`t2`表都有`(2, b)、(3, c)`这两条记录，所以合并后的结果集就把他俩去重了。如果我们想要保留重复记录，可以使用`UNION ALL`来连接多个查询：

    mysql> SELECT m1, n1 FROM t1 UNION ALL SELECT m2, n2 FROM t2;
    +------+------+
    | m1   | n1   |
    +------+------+
    |    1 | a    |
    |    2 | b    |
    |    3 | c    |
    |    2 | b    |
    |    3 | c    |
    |    4 | d    |
    +------+------+
    6 rows in set (0.00 sec)
    
    mysql>
    

## 组合查询中的ORDER BY和LIMIT子句

`组合查询`会把各个查询的结果汇总到一块，如果我们相对最终的结果集进行排序或者只保留几行的话，可以在组合查询的语句末尾加上`ORDER BY`和`LIMIT`子句，就像这样：

    mysql> SELECT m1, n1 FROM t1 UNION SELECT m2, n2 FROM t2 ORDER BY m1 DESC LIMIT 2;
    +------+------+
    | m1   | n1   |
    +------+------+
    |    4 | d    |
    |    3 | c    |
    +------+------+
    2 rows in set (0.00 sec)
    
    mysql>
    

如果我们能为各个小的查询语句加上括号`()`那就更清晰了，就像这样：

    mysql> (SELECT m1, n1 FROM t1) UNION (SELECT m2, n2 FROM t2) ORDER BY m1 DESC LIMIT 2;
    +------+------+
    | m1   | n1   |
    +------+------+
    |    4 | d    |
    |    3 | c    |
    +------+------+
    2 rows in set (0.01 sec)
    
    mysql>
    

这里需要注意的一点是，由于最后的结果集展示的列名是第一个查询中给定的列名，所以`ORDER BY`子句中指定的排序列也必须是第一个查询中给定的列名（别名也可以）。

这里突发一个奇想，如果我们只想单独为各个小的查询排序，而不为最终的汇总的结果集排序行不行呢？先试试：

    mysql> (SELECT m1, n1 FROM t1 ORDER BY m1 DESC) UNION (SELECT m2, n2 FROM t2 ORDER BY m2 DESC);
    +------+------+
    | m1   | n1   |
    +------+------+
    |    1 | a    |
    |    2 | b    |
    |    3 | c    |
    |    4 | d    |
    +------+------+
    4 rows in set (0.00 sec)
    
    mysql>
    

从结果来看，我们为各个小查询加入的`ORDER BY`子句好像并没有起作用，这是因为设计`MySQL`的大叔规定组合查询并不保证最后汇总起来的大结果集中的顺序是按照各个小查询的结果集中的顺序排序的，也就是说我们在各个小查询中加入`ORDER BY`子句的作用和没加一样～ 不过如果我们只是单纯的想从各个小的查询中获取有限条排序好的记录加入最终的汇总，那是可以滴，比如这样：

    mysql> (SELECT m1, n1 FROM t1 ORDER BY m1 DESC LIMIT 1) UNION (SELECT m2, n2 FROM t2 ORDER BY m2 DESC LIMIT 1);
    +------+------+
    | m1   | n1   |
    +------+------+
    |    3 | c    |
    |    4 | d    |
    +------+------+
    2 rows in set (0.00 sec)
    
    mysql>
    

如图所示，最终结果集中的`(3, 'c')`其实就是查询`(SELECT m1, n1 FROM t1 ORDER BY m1 DESC LIMIT 1)`的结果，`(4, 'd')`其实就是查询`(SELECT m2, n2 FROM t2 ORDER BY m2 DESC LIMIT 1)`的结果。
